# Modern-Era Retrospective Analysis for Research and Applications (MERRA), version 2
# Provider;National Aeronautics and Space Administration (NASA) / Goddard Space Flight Center
# More information at;http://gmao.gsfc.nasa.gov/reanalysis/MERRA-2
# Site latitude (positive means North);5.500
# Site longitude (positive means East);-75.000
# Site altitude (m);1250
# Date beginning;2021-08-01
# Date end;2021-08-30
# Time reference (hour);UT
# Summarization (period of integration);Hour (h)
# Date - Instant;The date or instant given for each value corresponds to the end of the summarization

# Columns:
# Temperature (K);Temperature at 2 m above ground
# Relative humidity (%);Relative humidity at 2 m above ground
# Pressure (hPa);Pressure at ground level
# Wind speed (m/s);Wind speed at 10 m above ground
# Wind direction (deg);Wind direction at 10 m above ground (0 means from North, 90 from East...)
# Rainfall (kg/m2);Rainfall (= rain depth in mm)
# Snowfall (kg/m2);Snowfall
# Snow depth (m);Snow depth
# Short-wave irradiation (Wh/m2);Surface incoming shortwave irradiation (broadband)

# MERRA-2 meteorological data
# Date;UT time;Temperature;Relative Humidity;Pressure;Wind speed;Wind direction;Rainfall;Snowfall;Snow depth;Short-wave irradiation
2021-08-01;01:00;295.76;70.28;875.74;1.08;204.80;0.001576;0.000000;0.000000;0.0000
2021-08-01;02:00;294.94;74.39;876.31;1.12;212.35;0.000049;0.000000;0.000000;0.0000
2021-08-01;03:00;294.22;77.26;876.70;1.18;216.46;0.000059;0.000000;0.000000;0.0000
2021-08-01;04:00;293.56;80.42;877.02;1.16;219.52;0.000761;0.000000;0.000000;0.0000
2021-08-01;05:00;292.93;84.03;877.17;1.08;222.61;0.007303;0.000000;0.000000;0.0000
2021-08-01;06:00;292.47;86.66;877.03;1.11;223.49;0.015833;0.000000;0.000000;0.0000
2021-08-01;07:00;292.11;88.55;876.76;1.12;224.99;0.008516;0.000000;0.000000;0.0000
2021-08-01;08:00;291.67;90.28;876.60;1.11;226.63;0.008798;0.000000;0.000000;0.0000
2021-08-01;09:00;291.28;91.34;876.79;1.12;225.88;0.015886;0.000000;0.000000;0.0000
2021-08-01;10:00;290.97;91.87;877.27;1.10;225.43;0.024343;0.000000;0.000000;0.0000
2021-08-01;11:00;290.62;92.34;877.82;1.14;225.03;0.028795;0.000000;0.000000;0.4751
2021-08-01;12:00;290.67;91.27;878.28;1.22;224.07;0.023701;0.000000;0.000000;82.9203
2021-08-01;13:00;292.05;84.54;878.51;1.36;211.88;0.001069;0.000000;0.000000;291.3996
2021-08-01;14:00;295.41;64.10;878.31;1.47;186.44;0.000053;0.000000;0.000000;581.0034
2021-08-01;15:00;298.94;46.95;877.90;1.47;164.20;0.000090;0.000000;0.000000;788.4981
2021-08-01;16:00;301.26;39.27;877.32;1.33;163.29;0.000100;0.000000;0.000000;931.2419
2021-08-01;17:00;302.87;35.45;876.41;1.33;168.31;0.003836;0.000000;0.000000;1001.9600
2021-08-01;18:00;303.93;33.61;875.38;1.43;172.50;0.052727;0.000000;0.000000;981.8918
2021-08-01;19:00;304.08;34.13;874.59;1.63;175.86;0.104800;0.000000;0.000000;794.6118
2021-08-01;20:00;303.37;36.97;874.26;1.85;178.50;0.161292;0.000000;0.000000;566.1343
2021-08-01;21:00;301.98;42.02;874.32;2.05;181.47;0.316636;0.000000;0.000000;343.4250
2021-08-01;22:00;300.24;48.56;874.83;2.05;184.68;0.437088;0.000000;0.000000;148.1010
2021-08-01;23:00;298.49;56.01;875.72;1.79;188.92;0.529586;0.000000;0.000000;36.1221
2021-08-01;24:00;296.99;63.32;876.68;1.38;197.82;0.461901;0.000000;0.000000;0.1930
2021-08-02;01:00;296.03;67.85;877.30;1.25;210.04;0.185386;0.000000;0.000000;0.0000
2021-08-02;02:00;295.52;68.99;877.61;1.22;212.16;0.062009;0.000000;0.000000;0.0000
2021-08-02;03:00;295.10;69.71;877.76;1.18;209.23;0.022606;0.000000;0.000000;0.0000
2021-08-02;04:00;294.74;70.25;877.90;1.30;208.09;0.031566;0.000000;0.000000;0.0000
2021-08-02;05:00;294.33;71.23;877.94;1.28;212.85;0.068440;0.000000;0.000000;0.0000
2021-08-02;06:00;293.85;72.59;877.82;1.18;217.03;0.036521;0.000000;0.000000;0.0000
2021-08-02;07:00;293.33;74.47;877.59;0.99;214.40;0.007480;0.000000;0.000000;0.0000
2021-08-02;08:00;292.81;76.35;877.49;0.98;212.92;0.007053;0.000000;0.000000;0.0000
2021-08-02;09:00;292.33;77.93;877.30;1.10;212.05;0.002104;0.000000;0.000000;0.0000
2021-08-02;10:00;291.93;79.04;877.26;1.25;210.71;0.001121;0.000000;0.000000;0.0000
2021-08-02;11:00;291.57;79.93;877.42;1.25;215.10;0.001234;0.000000;0.000000;0.4645
2021-08-02;12:00;291.71;78.41;877.82;1.28;217.85;0.001741;0.000000;0.000000;84.8129
2021-08-02;13:00;293.29;69.20;878.51;1.58;205.48;0.003008;0.000000;0.000000;275.1264
2021-08-02;14:00;295.31;59.85;878.96;1.80;185.42;0.002188;0.000000;0.000000;476.6169
2021-08-02;15:00;297.10;53.21;878.89;1.96;173.42;0.001140;0.000000;0.000000;673.2104
2021-08-02;16:00;298.67;48.03;878.45;2.08;171.95;0.001539;0.000000;0.000000;840.4503
2021-08-02;17:00;299.98;44.16;877.73;2.11;174.61;0.009820;0.000000;0.000000;912.6948
2021-08-02;18:00;300.82;41.86;876.78;2.13;176.51;0.039716;0.000000;0.000000;896.6607
2021-08-02;19:00;301.01;41.48;875.92;2.12;177.41;0.066614;0.000000;0.000000;770.1487
2021-08-02;20:00;300.82;42.15;875.33;2.11;178.47;0.067162;0.000000;0.000000;634.1455
2021-08-02;21:00;300.30;43.51;875.06;2.07;179.78;0.053509;0.000000;0.000000;474.2911
2021-08-02;22:00;299.32;46.36;875.17;1.94;183.95;0.015480;0.000000;0.000000;265.3367
2021-08-02;23:00;297.88;51.88;875.72;1.60;189.78;0.003109;0.000000;0.000000;78.6152
2021-08-02;24:00;296.14;59.83;876.47;1.36;199.22;0.003011;0.000000;0.000000;0.4185
2021-08-03;01:00;294.96;65.65;877.21;1.34;207.24;0.002392;0.000000;0.000000;0.0000
2021-08-03;02:00;294.01;70.73;877.80;1.21;212.13;0.001172;0.000000;0.000000;0.0000
2021-08-03;03:00;293.23;74.50;878.28;1.20;214.61;0.001217;0.000000;0.000000;0.0000
2021-08-03;04:00;292.65;77.11;878.75;1.17;218.12;0.005137;0.000000;0.000000;0.0000
2021-08-03;05:00;292.22;78.47;878.79;1.14;219.89;0.004855;0.000000;0.000000;0.0000
2021-08-03;06:00;291.82;79.55;878.50;1.15;218.41;0.000806;0.000000;0.000000;0.0000
2021-08-03;07:00;291.37;80.56;877.97;1.22;215.27;0.000117;0.000000;0.000000;0.0000
2021-08-03;08:00;290.85;81.74;877.58;1.24;213.01;0.000106;0.000000;0.000000;0.0000
2021-08-03;09:00;290.38;82.83;877.45;1.24;213.80;0.000137;0.000000;0.000000;0.0000
2021-08-03;10:00;289.95;84.13;877.54;1.24;215.03;0.000402;0.000000;0.000000;0.0000
2021-08-03;11:00;289.59;85.59;877.74;1.25;215.55;0.002543;0.000000;0.000000;0.4693
2021-08-03;12:00;289.70;85.04;878.21;1.26;217.03;0.004808;0.000000;0.000000;76.7535
2021-08-03;13:00;291.28;77.07;879.05;1.60;206.86;0.001115;0.000000;0.000000;274.6276
2021-08-03;14:00;293.86;63.11;879.60;1.98;191.44;0.001406;0.000000;0.000000;516.9972
2021-08-03;15:00;296.42;51.36;879.49;2.11;179.27;0.001069;0.000000;0.000000;714.7380
2021-08-03;16:00;298.38;44.29;879.04;2.13;172.73;0.000933;0.000000;0.000000;846.4803
2021-08-03;17:00;299.71;40.51;878.24;2.12;172.99;0.000990;0.000000;0.000000;911.7207
2021-08-03;18:00;300.54;38.72;877.23;2.11;177.24;0.000964;0.000000;0.000000;908.2083
2021-08-03;19:00;300.96;38.07;876.18;2.13;181.86;0.000806;0.000000;0.000000;834.6841
2021-08-03;20:00;300.92;38.56;875.28;2.12;185.24;0.000522;0.000000;0.000000;701.3995
2021-08-03;21:00;300.20;40.71;874.84;2.08;187.30;0.000745;0.000000;0.000000;444.9412
2021-08-03;22:00;298.94;44.75;874.96;1.93;190.26;0.001928;0.000000;0.000000;211.9199
2021-08-03;23:00;297.27;51.42;875.54;1.57;193.17;0.003778;0.000000;0.000000;56.3860
2021-08-03;24:00;295.31;61.33;876.37;1.30;197.13;0.007427;0.000000;0.000000;0.2660
2021-08-04;01:00;293.98;69.07;877.27;1.24;202.28;0.015379;0.000000;0.000000;0.0000
2021-08-04;02:00;293.06;74.06;878.11;1.18;209.24;0.020545;0.000000;0.000000;0.0000
2021-08-04;03:00;292.44;77.07;878.71;1.16;214.17;0.015663;0.000000;0.000000;0.0000
2021-08-04;04:00;291.96;79.12;879.05;1.13;216.15;0.010141;0.000000;0.000000;0.0000
2021-08-04;05:00;291.53;80.77;878.99;1.10;217.07;0.011649;0.000000;0.000000;0.0000
2021-08-04;06:00;291.17;81.57;878.62;1.13;215.63;0.019960;0.000000;0.000000;0.0000
2021-08-04;07:00;290.98;79.11;878.32;1.26;210.35;0.036221;0.000000;0.000000;0.0000
2021-08-04;08:00;290.77;77.87;878.13;1.24;208.69;0.043442;0.000000;0.000000;0.0000
2021-08-04;09:00;290.46;78.31;878.19;1.17;209.04;0.035405;0.000000;0.000000;0.0000
2021-08-04;10:00;290.09;79.85;878.45;1.09;211.91;0.023741;0.000000;0.000000;0.0000
2021-08-04;11:00;289.68;82.18;878.76;1.02;218.07;0.010037;0.000000;0.000000;0.3759
2021-08-04;12:00;289.79;81.55;879.16;1.06;218.86;0.002841;0.000000;0.000000;74.5684
2021-08-04;13:00;291.68;71.14;879.73;1.27;204.69;0.000434;0.000000;0.000000;269.5218
2021-08-04;14:00;294.60;56.47;879.98;1.62;183.64;0.000216;0.000000;0.000000;518.0176
2021-08-04;15:00;297.17;46.81;879.75;1.70;171.21;0.000432;0.000000;0.000000;749.9896
2021-08-04;16:00;299.06;41.18;879.19;1.76;167.25;0.000449;0.000000;0.000000;904.4619
2021-08-04;17:00;300.40;37.77;878.34;1.82;167.47;0.000373;0.000000;0.000000;972.2012
2021-08-04;18:00;301.27;35.78;877.25;1.87;169.38;0.000316;0.000000;0.000000;966.9415
2021-08-04;19:00;301.66;34.98;876.15;1.90;171.20;0.000256;0.000000;0.000000;884.9302
2021-08-04;20:00;301.64;35.05;875.30;1.91;171.64;0.000308;0.000000;0.000000;741.9258
2021-08-04;21:00;301.21;35.98;874.82;1.86;172.19;0.000406;0.000000;0.000000;528.9335
2021-08-04;22:00;300.34;37.93;874.89;1.72;173.18;0.000229;0.000000;0.000000;295.3261
2021-08-04;23:00;298.95;41.90;875.46;1.40;173.47;0.000570;0.000000;0.000000;81.5792
2021-08-04;24:00;297.18;49.02;876.38;1.07;175.13;0.002159;0.000000;0.000000;0.3239
2021-08-05;01:00;295.94;53.76;877.33;0.87;180.39;0.005297;0.000000;0.000000;0.0000
2021-08-05;02:00;295.05;58.17;878.22;0.84;187.29;0.006168;0.000000;0.000000;0.0000
2021-08-05;03:00;294.38;62.72;878.81;0.96;191.25;0.006244;0.000000;0.000000;0.0000
2021-08-05;04:00;293.76;67.16;878.99;1.18;197.28;0.006455;0.000000;0.000000;0.0000
2021-08-05;05:00;293.17;69.62;878.67;1.21;204.76;0.006648;0.000000;0.000000;0.0000
2021-08-05;06:00;292.60;71.59;878.19;1.14;208.86;0.005875;0.000000;0.000000;0.0000
2021-08-05;07:00;292.06;71.13;877.79;0.98;211.71;0.004654;0.000000;0.000000;0.0000
2021-08-05;08:00;291.66;71.96;877.63;1.04;213.35;0.003580;0.000000;0.000000;0.0000
2021-08-05;09:00;291.40;72.74;877.76;1.12;214.72;0.003220;0.000000;0.000000;0.0000
2021-08-05;10:00;291.09;74.55;878.04;1.12;215.73;0.001790;0.000000;0.000000;0.0000
2021-08-05;11:00;290.80;76.31;878.44;1.13;214.46;0.000576;0.000000;0.000000;0.2813
2021-08-05;12:00;290.83;76.60;878.89;1.14;213.26;0.000184;0.000000;0.000000;52.8996
2021-08-05;13:00;292.09;70.61;879.52;1.34;206.78;0.000122;0.000000;0.000000;185.2069
2021-08-05;14:00;294.15;59.91;879.85;1.69;193.36;0.000093;0.000000;0.000000;367.7699
2021-08-05;15:00;296.20;50.91;879.66;1.84;184.14;0.000043;0.000000;0.000000;561.7557
2021-08-05;16:00;297.87;45.21;879.21;1.95;180.80;0.000128;0.000000;0.000000;719.9713
2021-08-05;17:00;299.09;41.83;878.50;2.01;181.13;0.000287;0.000000;0.000000;802.9559
2021-08-05;18:00;299.98;39.79;877.41;2.03;181.79;0.000366;0.000000;0.000000;832.9359
2021-08-05;19:00;300.62;38.75;876.31;2.00;181.51;0.000444;0.000000;0.000000;815.4030
2021-08-05;20:00;300.95;38.55;875.44;1.97;179.70;0.000368;0.000000;0.000000;737.8866
2021-08-05;21:00;300.66;39.98;875.01;1.91;177.97;0.000255;0.000000;0.000000;540.1627
2021-08-05;22:00;299.76;43.30;875.05;1.77;178.51;0.000324;0.000000;0.000000;308.5748
2021-08-05;23:00;298.08;50.39;875.60;1.38;180.56;0.001403;0.000000;0.000000;82.5476
2021-08-05;24:00;295.81;62.37;876.49;1.11;186.94;0.008453;0.000000;0.000000;0.3025
2021-08-06;01:00;294.29;72.10;877.39;1.09;197.32;0.020015;0.000000;0.000000;0.0000
2021-08-06;02:00;293.39;77.24;878.19;1.15;205.37;0.022834;0.000000;0.000000;0.0000
2021-08-06;03:00;292.69;80.65;878.77;1.19;210.48;0.021748;0.000000;0.000000;0.0000
2021-08-06;04:00;291.97;84.34;878.96;1.15;213.72;0.031048;0.000000;0.000000;0.0000
2021-08-06;05:00;291.26;87.80;878.61;1.14;214.14;0.031932;0.000000;0.000000;0.0000
2021-08-06;06:00;290.68;90.22;878.18;1.12;214.66;0.042782;0.000000;0.000000;0.0000
2021-08-06;07:00;290.29;91.10;877.78;1.12;215.44;0.043178;0.000000;0.000000;0.0000
2021-08-06;08:00;289.93;91.47;877.59;1.13;216.10;0.024999;0.000000;0.000000;0.0000
2021-08-06;09:00;289.61;91.49;877.65;1.13;217.36;0.013283;0.000000;0.000000;0.0000
2021-08-06;10:00;289.31;91.34;877.90;1.11;218.86;0.007228;0.000000;0.000000;0.0000
2021-08-06;11:00;289.03;91.17;878.46;1.08;222.94;0.004713;0.000000;0.000000;0.4016
2021-08-06;12:00;289.17;89.34;879.08;1.14;221.88;0.004978;0.000000;0.000000;81.1315
2021-08-06;13:00;290.77;80.39;879.65;1.45;205.58;0.000835;0.000000;0.000000;291.2624
2021-08-06;14:00;293.87;62.43;879.59;1.80;189.71;0.000048;0.000000;0.000000;561.2505
2021-08-06;15:00;297.16;47.48;879.25;1.90;178.95;0.000204;0.000000;0.000000;774.9965
2021-08-06;16:00;299.38;40.79;878.69;1.77;178.24;0.000228;0.000000;0.000000;924.9916
2021-08-06;17:00;300.97;37.03;877.83;1.70;179.83;0.000212;0.000000;0.000000;1004.9740
2021-08-06;18:00;302.00;35.04;876.63;1.68;180.18;0.000213;0.000000;0.000000;1004.7070
2021-08-06;19:00;302.57;34.09;875.46;1.67;179.09;0.000199;0.000000;0.000000;928.6863
2021-08-06;20:00;302.74;33.85;874.57;1.67;175.68;0.000129;0.000000;0.000000;786.9348
2021-08-06;21:00;302.41;34.79;874.14;1.66;171.69;0.000332;0.000000;0.000000;584.1886
2021-08-06;22:00;301.51;37.20;874.16;1.62;169.72;0.000148;0.000000;0.000000;336.4366
2021-08-06;23:00;299.93;42.12;874.60;1.37;168.63;0.000625;0.000000;0.000000;91.0746
2021-08-06;24:00;297.92;50.19;875.43;1.06;170.23;0.002769;0.000000;0.000000;0.3294
2021-08-07;01:00;296.58;55.90;876.25;0.95;177.14;0.006099;0.000000;0.000000;0.0000
2021-08-07;02:00;295.68;60.94;877.10;0.87;187.49;0.014551;0.000000;0.000000;0.0000
2021-08-07;03:00;295.03;67.23;877.77;0.95;193.19;0.027910;0.000000;0.000000;0.0000
2021-08-07;04:00;294.74;68.51;877.99;0.86;203.02;0.041977;0.000000;0.000000;0.0000
2021-08-07;05:00;294.31;69.87;877.75;0.81;205.40;0.049691;0.000000;0.000000;0.0000
2021-08-07;06:00;293.62;74.53;877.26;0.87;195.48;0.050395;0.000000;0.000000;0.0000
2021-08-07;07:00;293.05;76.53;876.90;0.77;191.78;0.099722;0.000000;0.000000;0.0000
2021-08-07;08:00;292.60;76.52;876.75;0.64;199.47;0.140986;0.000000;0.000000;0.0000
2021-08-07;09:00;292.20;76.91;876.91;0.73;206.47;0.124618;0.000000;0.000000;0.0000
2021-08-07;10:00;291.57;80.30;877.24;0.67;213.07;0.084960;0.000000;0.000000;0.0000
2021-08-07;11:00;291.00;83.71;877.64;0.71;219.71;0.034932;0.000000;0.000000;0.3195
2021-08-07;12:00;290.92;84.64;878.01;0.76;221.82;0.004556;0.000000;0.000000;74.1654
2021-08-07;13:00;292.79;74.19;878.40;0.88;210.32;0.000087;0.000000;0.000000;290.6375
2021-08-07;14:00;296.18;56.13;878.55;1.06;190.19;0.000021;0.000000;0.000000;550.4987
2021-08-07;15:00;298.98;45.06;878.29;1.10;169.05;0.000050;0.000000;0.000000;758.9960
2021-08-07;16:00;300.92;39.32;877.62;1.12;156.70;0.000068;0.000000;0.000000;908.9918
2021-08-07;17:00;302.47;35.30;876.76;1.11;152.96;0.000676;0.000000;0.000000;989.4844
2021-08-07;18:00;303.61;32.58;875.55;1.07;155.71;0.003709;0.000000;0.000000;989.7003
2021-08-07;19:00;304.31;31.08;874.42;1.00;159.20;0.006408;0.000000;0.000000;907.4214
2021-08-07;20:00;304.46;30.85;873.56;0.98;161.03;0.003625;0.000000;0.000000;759.6588
2021-08-07;21:00;304.03;31.76;873.11;0.95;163.78;0.004431;0.000000;0.000000;551.9093
2021-08-07;22:00;303.05;34.03;873.03;0.88;168.76;0.004740;0.000000;0.000000;310.3073
2021-08-07;23:00;301.30;40.95;873.39;0.67;169.99;0.012244;0.000000;0.000000;90.1014
2021-08-07;24:00;298.41;56.37;874.01;0.70;149.83;0.029871;0.000000;0.000000;0.4098
2021-08-08;01:00;296.54;65.95;874.76;0.89;148.36;0.071678;0.000000;0.000000;0.0000
2021-08-08;02:00;296.52;61.98;875.86;0.67;128.52;0.281767;0.000000;0.000000;0.0000
2021-08-08;03:00;296.43;62.49;876.65;0.88;67.27;1.117700;0.000000;0.000000;0.0000
2021-08-08;04:00;294.91;73.23;877.07;1.17;63.58;2.228536;0.000000;0.000000;0.0000
2021-08-08;05:00;294.12;77.36;876.99;0.77;70.24;2.845950;0.000000;0.000000;0.0000
2021-08-08;06:00;293.78;79.22;876.63;0.71;78.80;3.311619;0.000000;0.000000;0.0000
2021-08-08;07:00;293.44;81.63;876.18;0.54;88.41;3.840037;0.000000;0.000000;0.0000
2021-08-08;08:00;293.19;83.56;875.91;0.39;100.45;4.571024;0.000000;0.000000;0.0000
2021-08-08;09:00;292.99;84.99;876.00;0.26;120.64;5.255759;0.000000;0.000000;0.0000
2021-08-08;10:00;292.79;86.34;876.14;0.21;123.59;5.025978;0.000000;0.000000;0.0000
2021-08-08;11:00;292.60;87.30;876.39;0.21;94.35;4.406659;0.000000;0.000000;0.0620
2021-08-08;12:00;292.55;87.27;876.70;0.16;82.37;3.516134;0.000000;0.000000;17.1650
2021-08-08;13:00;293.04;83.83;877.16;0.15;86.27;2.108313;0.000000;0.000000;63.5144
2021-08-08;14:00;294.20;76.52;877.41;0.20;85.13;1.355034;0.000000;0.000000;164.2823
2021-08-08;15:00;295.61;68.46;877.46;0.57;56.28;2.116951;0.000000;0.000000;260.5303
2021-08-08;16:00;296.38;64.26;877.40;1.10;49.82;2.517763;0.000000;0.000000;264.3102
2021-08-08;17:00;296.31;64.37;877.08;1.42;49.12;2.638414;0.000000;0.000000;220.6640
2021-08-08;18:00;296.03;65.68;876.50;1.49;45.27;3.229955;0.000000;0.000000;217.6050
2021-08-08;19:00;296.16;64.84;875.91;1.31;36.00;3.730766;0.000000;0.000000;280.8261
2021-08-08;20:00;296.59;62.22;875.39;1.08;24.30;3.713663;0.000000;0.000000;305.2727
2021-08-08;21:00;296.55;61.59;875.05;0.93;17.79;3.225690;0.000000;0.000000;209.6314
2021-08-08;22:00;295.92;63.70;875.02;0.80;9.09;2.268540;0.000000;0.000000;97.4430
2021-08-08;23:00;295.02;67.51;875.29;0.67;5.14;1.443602;0.000000;0.000000;26.2574
2021-08-08;24:00;294.00;72.90;875.79;0.53;15.00;1.405417;0.000000;0.000000;0.1087
2021-08-09;01:00;293.18;78.04;876.57;0.47;14.14;1.888665;0.000000;0.000000;0.0000
2021-08-09;02:00;292.59;81.83;877.34;0.38;3.93;2.078284;0.000000;0.000000;0.0000
2021-08-09;03:00;292.19;84.34;877.90;0.23;342.45;1.886118;0.000000;0.000000;0.0000
2021-08-09;04:00;291.88;86.24;878.15;0.12;320.93;1.917915;0.000000;0.000000;0.0000
2021-08-09;05:00;291.62;87.56;877.98;0.10;319.10;1.922115;0.000000;0.000000;0.0000
2021-08-09;06:00;291.39;88.49;877.57;0.19;316.11;1.854860;0.000000;0.000000;0.0000
2021-08-09;07:00;291.15;89.27;877.04;0.25;312.74;1.793706;0.000000;0.000000;0.0000
2021-08-09;08:00;290.93;89.83;876.62;0.20;326.44;1.840108;0.000000;0.000000;0.0000
2021-08-09;09:00;290.73;90.46;876.64;0.14;5.16;2.476742;0.000000;0.000000;0.0000
2021-08-09;10:00;290.52;91.34;877.07;0.23;32.81;3.367139;0.000000;0.000000;0.0000
2021-08-09;11:00;290.24;92.62;877.64;0.41;350.47;3.578734;0.000000;0.000000;0.0773
2021-08-09;12:00;290.09;92.71;878.17;0.48;310.34;2.791547;0.000000;0.000000;21.2668
2021-08-09;13:00;290.81;86.78;878.55;0.68;292.50;1.603311;0.000000;0.000000;76.5991
2021-08-09;14:00;291.74;78.37;878.51;0.80;290.08;0.563738;0.000000;0.000000;152.2187
2021-08-09;15:00;293.23;68.91;878.02;0.83;290.96;0.046632;0.000000;0.000000;254.4727
2021-08-09;16:00;295.57;57.19;877.48;0.79;276.69;0.001960;0.000000;0.000000;440.8371
2021-08-09;17:00;299.01;43.50;876.80;0.68;254.24;0.027482;0.000000;0.000000;809.4431
2021-08-09;18:00;301.19;36.89;875.82;0.53;232.96;0.130101;0.000000;0.000000;796.1808
2021-08-09;19:00;301.80;35.92;874.85;0.44;216.02;0.203349;0.000000;0.000000;644.4571
2021-08-09;20:00;301.73;36.80;874.10;0.39;191.18;0.157872;0.000000;0.000000;485.9749
2021-08-09;21:00;301.33;38.35;873.60;0.39;174.73;0.095384;0.000000;0.000000;347.6108
2021-08-09;22:00;300.70;40.59;873.54;0.31;164.73;0.089475;0.000000;0.000000;218.8638
2021-08-09;23:00;299.45;48.02;873.95;0.23;142.45;0.084531;0.000000;0.000000;62.5295
2021-08-09;24:00;297.95;62.07;874.70;0.35;115.19;0.072606;0.000000;0.000000;0.2224
2021-08-10;01:00;297.33;66.18;875.42;0.27;96.27;0.040785;0.000000;0.000000;0.0000
2021-08-10;02:00;296.71;66.89;876.04;0.27;79.30;0.027917;0.000000;0.000000;0.0000
2021-08-10;03:00;295.88;69.32;876.58;0.33;68.54;0.021164;0.000000;0.000000;0.0000
2021-08-10;04:00;295.03;71.59;876.97;0.37;66.86;0.018416;0.000000;0.000000;0.0000
2021-08-10;05:00;294.23;77.66;876.96;0.43;9.70;0.021439;0.000000;0.000000;0.0000
2021-08-10;06:00;293.75;76.42;876.65;0.43;313.10;0.016856;0.000000;0.000000;0.0000
2021-08-10;07:00;293.06;77.20;876.16;0.86;254.35;0.011034;0.000000;0.000000;0.0000
2021-08-10;08:00;292.20;80.60;875.77;1.23;230.95;0.003013;0.000000;0.000000;0.0000
2021-08-10;09:00;291.39;83.60;875.61;1.48;219.21;0.000538;0.000000;0.000000;0.0000
2021-08-10;10:00;290.93;85.13;875.88;1.46;224.12;0.000308;0.000000;0.000000;0.0000
2021-08-10;11:00;290.74;85.70;876.45;1.07;246.77;0.000340;0.000000;0.000000;0.4224
2021-08-10;12:00;291.40;83.43;877.18;1.08;250.18;0.004333;0.000000;0.000000;104.2190
2021-08-10;13:00;294.41;69.76;877.78;0.63;211.46;0.050065;0.000000;0.000000;313.6264
2021-08-10;14:00;297.26;58.39;877.94;0.93;154.11;0.055589;0.000000;0.000000;573.7452
2021-08-10;15:00;299.48;49.57;877.53;1.26;139.56;0.020288;0.000000;0.000000;783.4960
2021-08-10;16:00;301.41;42.79;876.72;1.36;141.69;0.011203;0.000000;0.000000;930.2351
2021-08-10;17:00;303.09;37.49;875.83;1.38;155.56;0.028280;0.000000;0.000000;1009.4730
2021-08-10;18:00;304.17;34.35;874.79;1.53;169.36;0.050853;0.000000;0.000000;1003.4510
2021-08-10;19:00;304.51;33.37;873.82;1.74;178.25;0.054024;0.000000;0.000000;903.6599
2021-08-10;20:00;304.30;33.92;873.16;1.92;183.09;0.053285;0.000000;0.000000;749.1124
2021-08-10;21:00;303.55;35.86;873.00;2.00;183.23;0.055137;0.000000;0.000000;548.6238
2021-08-10;22:00;302.20;39.74;873.24;1.91;180.82;0.078743;0.000000;0.000000;285.8074
2021-08-10;23:00;300.40;46.06;873.91;1.52;179.73;0.100204;0.000000;0.000000;76.4503
2021-08-10;24:00;298.30;55.00;874.78;1.06;182.97;0.097185;0.000000;0.000000;0.2980
2021-08-11;01:00;296.73;63.83;875.54;0.81;191.36;0.157767;0.000000;0.000000;0.0000
2021-08-11;02:00;295.65;71.46;876.31;0.72;195.32;0.277403;0.000000;0.000000;0.0000
2021-08-11;03:00;294.87;74.93;877.01;0.59;190.45;0.334735;0.000000;0.000000;0.0000
2021-08-11;04:00;294.08;78.33;877.44;0.51;186.13;0.253196;0.000000;0.000000;0.0000
2021-08-11;05:00;293.16;84.13;877.26;0.57;203.00;0.119456;0.000000;0.000000;0.0000
2021-08-11;06:00;292.37;88.79;876.79;0.64;209.48;0.043474;0.000000;0.000000;0.0000
2021-08-11;07:00;291.81;91.69;876.18;0.68;207.32;0.029535;0.000000;0.000000;0.0000
2021-08-11;08:00;291.41;93.06;875.78;0.69;207.41;0.036263;0.000000;0.000000;0.0000
2021-08-11;09:00;291.11;93.59;875.75;0.71;216.53;0.036118;0.000000;0.000000;0.0000
2021-08-11;10:00;290.86;93.68;875.94;0.72;229.48;0.032830;0.000000;0.000000;0.0000
2021-08-11;11:00;290.67;93.51;876.47;0.76;237.03;0.029599;0.000000;0.000000;0.2478
2021-08-11;12:00;290.73;92.18;877.10;0.83;236.21;0.021697;0.000000;0.000000;44.5315
2021-08-11;13:00;291.58;85.58;877.88;0.84;226.00;0.003421;0.000000;0.000000;121.0210
2021-08-11;14:00;293.28;73.49;878.38;0.95;209.55;0.001546;0.000000;0.000000;234.0571
2021-08-11;15:00;295.69;58.34;878.48;1.16;187.73;0.000313;0.000000;0.000000;424.3298
2021-08-11;16:00;298.39;46.35;878.18;1.30;173.48;0.000095;0.000000;0.000000;759.7910
2021-08-11;17:00;300.75;38.56;877.32;1.41;168.72;0.000096;0.000000;0.000000;974.9604
2021-08-11;18:00;302.29;34.61;876.09;1.48;167.80;0.007220;0.000000;0.000000;1007.6450
2021-08-11;19:00;303.02;33.18;874.92;1.56;167.15;0.034512;0.000000;0.000000;910.8645
2021-08-11;20:00;302.99;33.90;874.09;1.62;168.97;0.068757;0.000000;0.000000;749.6161
2021-08-11;21:00;302.33;36.15;873.74;1.62;173.08;0.069980;0.000000;0.000000;526.1363
2021-08-11;22:00;301.10;40.06;873.79;1.52;178.77;0.062780;0.000000;0.000000;271.4468
2021-08-11;23:00;299.46;46.27;874.33;1.21;184.06;0.017862;0.000000;0.000000;75.5491
2021-08-11;24:00;297.48;55.93;875.12;0.86;190.96;0.003907;0.000000;0.000000;0.2426
2021-08-12;01:00;295.97;65.63;875.83;0.86;193.16;0.003896;0.000000;0.000000;0.0000
2021-08-12;02:00;295.12;73.21;876.53;1.02;191.99;0.005519;0.000000;0.000000;0.0000
2021-08-12;03:00;294.69;74.70;877.20;0.87;202.39;0.018265;0.000000;0.000000;0.0000
2021-08-12;04:00;293.96;79.33;877.62;0.64;205.87;0.069700;0.000000;0.000000;0.0000
2021-08-12;05:00;293.45;81.32;877.46;0.46;190.48;0.156307;0.000000;0.000000;0.0000
2021-08-12;06:00;292.64;88.60;876.94;0.45;201.64;0.236388;0.000000;0.000000;0.0000
2021-08-12;07:00;292.21;88.63;876.49;0.48;203.19;0.330237;0.000000;0.000000;0.0000
2021-08-12;08:00;291.98;88.50;876.26;0.50;203.87;0.531660;0.000000;0.000000;0.0000
2021-08-12;09:00;291.89;87.38;876.43;0.48;211.07;0.807599;0.000000;0.000000;0.0000
2021-08-12;10:00;291.77;87.83;876.78;0.47;215.78;0.967474;0.000000;0.000000;0.0000
2021-08-12;11:00;291.61;88.35;877.24;0.43;215.50;1.002128;0.000000;0.000000;0.1270
2021-08-12;12:00;291.72;87.25;877.81;0.38;217.89;0.729276;0.000000;0.000000;40.7030
2021-08-12;13:00;292.61;81.16;878.53;0.41;210.24;0.337866;0.000000;0.000000;142.0509
2021-08-12;14:00;293.82;74.95;878.93;0.53;196.90;0.120505;0.000000;0.000000;285.3448
2021-08-12;15:00;295.99;62.76;878.83;0.60;179.59;0.045380;0.000000;0.000000;531.5770
2021-08-12;16:00;298.51;50.89;878.35;0.62;154.94;0.055319;0.000000;0.000000;765.5228
2021-08-12;17:00;300.54;43.68;877.43;0.70;133.99;0.061301;0.000000;0.000000;895.2180
2021-08-12;18:00;301.87;39.80;876.12;0.79;125.48;0.070229;0.000000;0.000000;908.4543
2021-08-12;19:00;302.52;38.00;874.83;0.90;126.06;0.072242;0.000000;0.000000;831.1779
2021-08-12;20:00;302.62;37.50;873.95;1.00;128.68;0.089643;0.000000;0.000000;686.4195
2021-08-12;21:00;302.10;38.74;873.66;1.05;132.63;0.059549;0.000000;0.000000;498.6745
2021-08-12;22:00;300.94;42.30;873.86;0.96;138.62;0.055264;0.000000;0.000000;265.8402
2021-08-12;23:00;299.23;49.62;874.50;0.67;143.52;0.029125;0.000000;0.000000;78.5502
2021-08-12;24:00;296.92;64.08;875.38;0.46;148.37;0.050445;0.000000;0.000000;0.2015
2021-08-13;01:00;295.53;73.91;876.18;0.43;150.21;0.137515;0.000000;0.000000;0.0000
2021-08-13;02:00;294.89;81.18;876.90;0.34;148.67;0.265856;0.000000;0.000000;0.0000
2021-08-13;03:00;294.09;85.72;877.37;0.16;182.45;0.380354;0.000000;0.000000;0.0000
2021-08-13;04:00;293.37;86.78;877.55;0.26;231.26;0.482543;0.000000;0.000000;0.0000
2021-08-13;05:00;292.75;88.23;877.48;0.50;229.96;0.585272;0.000000;0.000000;0.0000
2021-08-13;06:00;292.23;90.86;877.19;0.67;226.43;0.605433;0.000000;0.000000;0.0000
2021-08-13;07:00;291.78;93.03;876.82;0.76;223.94;0.495414;0.000000;0.000000;0.0000
2021-08-13;08:00;291.42;94.16;876.55;0.84;220.76;0.244496;0.000000;0.000000;0.0000
2021-08-13;09:00;291.06;94.98;876.38;0.88;220.71;0.053627;0.000000;0.000000;0.0000
2021-08-13;10:00;290.69;95.45;876.39;0.87;221.15;0.035958;0.000000;0.000000;0.0000
2021-08-13;11:00;290.35;95.66;876.70;0.90;221.87;0.041636;0.000000;0.000000;0.3057
2021-08-13;12:00;290.39;94.99;877.45;0.95;226.03;0.041434;0.000000;0.000000;81.4793
2021-08-13;13:00;291.43;90.70;878.24;1.10;221.07;0.007305;0.000000;0.000000;277.5245
2021-08-13;14:00;294.28;73.50;878.51;1.24;211.00;0.000276;0.000000;0.000000;584.7407
2021-08-13;15:00;298.79;48.71;878.27;1.32;198.65;0.002036;0.000000;0.000000;794.7369
2021-08-13;16:00;301.41;39.58;877.69;1.27;179.05;0.024887;0.000000;0.000000;937.4738
2021-08-13;17:00;302.95;35.60;876.75;1.31;161.71;0.028759;0.000000;0.000000;1005.2080
2021-08-13;18:00;303.93;33.50;875.54;1.38;153.63;0.036123;0.000000;0.000000;1007.4510
2021-08-13;19:00;304.39;32.72;874.34;1.39;149.28;0.028297;0.000000;0.000000;925.6987
2021-08-13;20:00;304.35;32.98;873.47;1.34;146.40;0.041624;0.000000;0.000000;766.1735
2021-08-13;21:00;303.62;34.69;873.08;1.30;145.29;0.039191;0.000000;0.000000;515.1675
2021-08-13;22:00;302.36;37.96;873.13;1.22;145.00;0.032708;0.000000;0.000000;254.0234
2021-08-13;23:00;300.65;43.27;873.60;0.94;144.87;0.023017;0.000000;0.000000;65.6750
2021-08-13;24:00;298.40;53.41;874.32;0.62;137.82;0.094598;0.000000;0.000000;0.2335
2021-08-14;01:00;296.64;62.06;875.25;0.60;127.89;0.264588;0.000000;0.000000;0.0000
2021-08-14;02:00;295.76;67.59;876.28;0.89;132.17;0.714939;0.000000;0.000000;0.0000
2021-08-14;03:00;294.94;73.01;877.20;0.93;134.03;1.379949;0.000000;0.000000;0.0000
2021-08-14;04:00;294.16;76.40;877.61;0.79;134.06;1.735612;0.000000;0.000000;0.0000
2021-08-14;05:00;293.69;77.61;877.46;0.79;159.47;1.338107;0.000000;0.000000;0.0000
2021-08-14;06:00;293.33;78.45;876.79;0.93;187.76;0.500373;0.000000;0.000000;0.0000
2021-08-14;07:00;292.93;79.80;876.08;0.82;205.60;0.183725;0.000000;0.000000;0.0000
2021-08-14;08:00;292.56;81.17;875.96;0.75;220.40;0.335518;0.000000;0.000000;0.0000
2021-08-14;09:00;292.34;81.62;876.19;0.85;224.70;0.384150;0.000000;0.000000;0.0000
2021-08-14;10:00;292.19;81.54;876.56;0.94;221.83;0.155092;0.000000;0.000000;0.0000
2021-08-14;11:00;291.98;81.80;876.97;0.90;216.02;0.049051;0.000000;0.000000;0.2223
2021-08-14;12:00;292.07;80.72;877.52;0.81;210.95;0.223650;0.000000;0.000000;60.9560
2021-08-14;13:00;293.45;72.65;878.66;0.85;198.81;0.339966;0.000000;0.000000;215.1399
2021-08-14;14:00;295.31;62.20;879.32;1.06;195.77;0.057145;0.000000;0.000000;394.4012
2021-08-14;15:00;297.67;50.87;879.05;1.17;191.44;0.001148;0.000000;0.000000;667.2638
2021-08-14;16:00;299.93;42.72;878.46;1.22;172.17;0.002992;0.000000;0.000000;877.4760
2021-08-14;17:00;301.50;38.34;877.76;1.34;151.08;0.015913;0.000000;0.000000;974.9385
2021-08-14;18:00;302.41;36.33;876.82;1.42;142.15;0.023772;0.000000;0.000000;969.6705
2021-08-14;19:00;302.63;36.05;875.70;1.45;139.44;0.007746;0.000000;0.000000;848.1436
2021-08-14;20:00;301.97;37.59;874.78;1.41;136.57;0.003183;0.000000;0.000000;557.2290
2021-08-14;21:00;301.15;39.55;874.28;1.35;132.72;0.001641;0.000000;0.000000;368.9966
2021-08-14;22:00;300.29;42.09;874.32;1.17;131.38;0.001014;0.000000;0.000000;233.3669
2021-08-14;23:00;299.00;46.99;875.00;0.77;125.03;0.000158;0.000000;0.000000;71.2462
2021-08-14;24:00;296.88;59.98;875.92;0.53;132.73;0.000363;0.000000;0.000000;0.2868
2021-08-15;01:00;295.45;68.82;876.73;0.63;139.61;0.006143;0.000000;0.000000;0.0000
2021-08-15;02:00;294.79;71.92;877.41;0.63;114.75;0.021970;0.000000;0.000000;0.0000
2021-08-15;03:00;294.16;74.72;877.88;0.68;101.31;0.040077;0.000000;0.000000;0.0000
2021-08-15;04:00;293.48;77.84;878.13;0.55;120.48;0.067423;0.000000;0.000000;0.0000
2021-08-15;05:00;292.88;82.69;877.95;0.47;141.28;0.108725;0.000000;0.000000;0.0000
2021-08-15;06:00;292.42;86.47;877.43;0.40;160.32;0.168462;0.000000;0.000000;0.0000
2021-08-15;07:00;292.04;88.91;876.85;0.24;155.14;0.220810;0.000000;0.000000;0.0000
2021-08-15;08:00;291.68;90.04;876.46;0.31;173.07;0.287526;0.000000;0.000000;0.0000
2021-08-15;09:00;291.35;90.45;876.43;0.46;186.86;0.426005;0.000000;0.000000;0.0000
2021-08-15;10:00;291.04;91.13;876.71;0.57;194.74;0.564067;0.000000;0.000000;0.0000
2021-08-15;11:00;290.75;92.45;876.92;0.60;201.37;0.654926;0.000000;0.000000;0.0896
2021-08-15;12:00;290.67;92.99;877.23;0.67;207.38;0.603738;0.000000;0.000000;29.5897
2021-08-15;13:00;291.15;90.87;877.83;0.68;205.89;0.499020;0.000000;0.000000;116.4582
2021-08-15;14:00;292.17;85.93;878.44;0.67;192.67;0.469015;0.000000;0.000000;245.4250
2021-08-15;15:00;293.75;75.51;878.71;0.76;179.95;0.302039;0.000000;0.000000;413.0662
2021-08-15;16:00;296.27;60.83;878.30;0.84;168.37;0.045903;0.000000;0.000000;654.2814
2021-08-15;17:00;298.86;49.82;877.28;0.93;154.26;0.003657;0.000000;0.000000;878.9572
2021-08-15;18:00;300.67;43.50;875.93;1.09;148.46;0.005986;0.000000;0.000000;939.1760
2021-08-15;19:00;301.59;40.60;874.66;1.20;144.96;0.014097;0.000000;0.000000;851.6692
2021-08-15;20:00;301.78;40.19;873.75;1.24;142.89;0.021805;0.000000;0.000000;698.4117
2021-08-15;21:00;301.22;41.95;873.30;1.26;144.53;0.016977;0.000000;0.000000;481.1915
2021-08-15;22:00;300.12;45.69;873.35;1.17;148.70;0.007947;0.000000;0.000000;282.2126
2021-08-15;23:00;298.23;55.62;873.88;0.75;153.49;0.002824;0.000000;0.000000;88.2035
2021-08-15;24:00;295.83;73.52;874.57;0.78;141.93;0.002006;0.000000;0.000000;0.2743
2021-08-16;01:00;294.71;78.02;875.25;0.75;138.02;0.003096;0.000000;0.000000;0.0000
2021-08-16;02:00;294.13;79.35;875.90;0.54;133.07;0.005773;0.000000;0.000000;0.0000
2021-08-16;03:00;293.60;81.31;876.44;0.31;114.04;0.019797;0.000000;0.000000;0.0000
2021-08-16;04:00;293.02;85.46;876.68;0.24;69.65;0.107820;0.000000;0.000000;0.0000
2021-08-16;05:00;292.54;89.75;876.52;0.26;52.85;0.348070;0.000000;0.000000;0.0000
2021-08-16;06:00;292.19;92.81;876.16;0.12;39.89;0.759302;0.000000;0.000000;0.0000
2021-08-16;07:00;291.85;94.07;875.81;0.03;279.81;1.132632;0.000000;0.000000;0.0000
2021-08-16;08:00;291.61;95.01;875.61;0.16;228.20;1.259242;0.000000;0.000000;0.0000
2021-08-16;09:00;291.30;96.22;875.64;0.38;213.79;1.240398;0.000000;0.000000;0.0000
2021-08-16;10:00;291.03;95.50;875.80;0.65;211.09;1.174695;0.000000;0.000000;0.0000
2021-08-16;11:00;290.94;96.41;875.97;0.56;210.34;0.920170;0.000000;0.000000;0.0772
2021-08-16;12:00;290.94;96.23;876.25;0.63;208.93;0.698266;0.000000;0.000000;27.7282
2021-08-16;13:00;291.39;95.22;876.69;0.69;206.77;0.526146;0.000000;0.000000;117.6520
2021-08-16;14:00;292.29;91.83;877.15;0.71;199.92;0.342104;0.000000;0.000000;251.7761
2021-08-16;15:00;294.08;79.06;877.24;0.83;197.66;0.130817;0.000000;0.000000;454.2323
2021-08-16;16:00;296.35;64.21;876.76;0.88;192.51;0.013480;0.000000;0.000000;579.6343
2021-08-16;17:00;298.81;50.57;875.71;0.90;181.99;0.000852;0.000000;0.000000;715.5943
2021-08-16;18:00;300.79;42.23;874.32;0.92;168.09;0.000340;0.000000;0.000000;768.5604
2021-08-16;19:00;301.96;38.41;872.99;0.98;158.57;0.000621;0.000000;0.000000;791.7299
2021-08-16;20:00;302.45;37.04;872.13;1.05;151.78;0.004506;0.000000;0.000000;699.6746
2021-08-16;21:00;302.13;37.93;871.84;1.11;149.41;0.017447;0.000000;0.000000;506.1703
2021-08-16;22:00;301.11;40.91;872.04;1.11;150.62;0.029906;0.000000;0.000000;270.1908
2021-08-16;23:00;299.43;47.61;872.58;0.88;152.35;0.022391;0.000000;0.000000;67.8556
2021-08-16;24:00;297.12;60.88;873.26;0.74;148.26;0.020984;0.000000;0.000000;0.2130
2021-08-17;01:00;295.77;70.42;873.87;0.85;146.68;0.025280;0.000000;0.000000;0.0000
2021-08-17;02:00;295.16;73.44;874.54;0.56;131.24;0.169892;0.000000;0.000000;0.0000
2021-08-17;03:00;294.30;78.87;875.59;0.35;118.63;1.455958;0.000000;0.000000;0.0000
2021-08-17;04:00;293.95;80.74;876.51;0.38;94.59;2.342135;0.000000;0.000000;0.0000
2021-08-17;05:00;293.10;85.42;876.32;0.15;113.98;1.917359;0.000000;0.000000;0.0000
2021-08-17;06:00;292.65;87.98;875.80;0.06;100.06;1.896692;0.000000;0.000000;0.0000
2021-08-17;07:00;292.28;89.92;875.32;0.09;266.60;1.240556;0.000000;0.000000;0.0000
2021-08-17;08:00;291.84;92.29;874.92;0.49;265.00;0.890270;0.000000;0.000000;0.0000
2021-08-17;09:00;291.48;93.47;874.96;0.63;260.43;0.773097;0.000000;0.000000;0.0000
2021-08-17;10:00;291.33;93.57;875.28;0.65;254.00;0.452083;0.000000;0.000000;0.0000
2021-08-17;11:00;291.20;93.58;875.70;0.62;246.22;0.225608;0.000000;0.000000;0.1347
2021-08-17;12:00;291.34;92.90;876.28;0.63;236.79;0.153085;0.000000;0.000000;34.5592
2021-08-17;13:00;291.96;90.55;876.99;0.58;225.74;0.062074;0.000000;0.000000;124.0825
2021-08-17;14:00;293.65;81.21;877.51;0.52;197.84;0.025452;0.000000;0.000000;314.9483
2021-08-17;15:00;296.68;61.83;877.57;0.60;170.40;0.019576;0.000000;0.000000;604.0444
2021-08-17;16:00;299.49;47.99;877.06;0.73;147.41;0.039099;0.000000;0.000000;806.4995
2021-08-17;17:00;301.30;41.52;876.04;0.91;135.33;0.040066;0.000000;0.000000;925.6978
2021-08-17;18:00;302.53;38.07;874.82;1.03;131.27;0.040187;0.000000;0.000000;956.4248
2021-08-17;19:00;303.19;36.34;873.57;1.12;129.91;0.037019;0.000000;0.000000;879.9202
2021-08-17;20:00;303.24;36.11;872.71;1.22;128.47;0.040264;0.000000;0.000000;732.4112
2021-08-17;21:00;302.70;37.59;872.37;1.31;126.89;0.058430;0.000000;0.000000;532.6656
2021-08-17;22:00;301.56;40.87;872.55;1.25;127.38;0.050411;0.000000;0.000000;295.1898
2021-08-17;23:00;299.96;46.50;873.28;0.97;125.22;0.056933;0.000000;0.000000;74.5755
2021-08-17;24:00;297.93;56.88;874.24;0.61;120.52;0.096539;0.000000;0.000000;0.1766
2021-08-18;01:00;296.60;66.59;875.10;0.61;123.25;0.212561;0.000000;0.000000;0.0000
2021-08-18;02:00;295.98;70.02;875.88;0.42;111.40;0.458677;0.000000;0.000000;0.0000
2021-08-18;03:00;295.09;76.76;876.51;0.27;49.02;1.062289;0.000000;0.000000;0.0000
2021-08-18;04:00;294.19;80.08;876.83;0.44;35.44;1.924880;0.000000;0.000000;0.0000
2021-08-18;05:00;293.45;84.85;876.76;0.66;36.34;2.182933;0.000000;0.000000;0.0000
2021-08-18;06:00;292.95;89.48;876.45;0.59;33.71;1.645242;0.000000;0.000000;0.0000
2021-08-18;07:00;292.78;89.49;876.08;0.38;31.06;0.815138;0.000000;0.000000;0.0000
2021-08-18;08:00;292.62;89.48;875.81;0.05;67.02;0.328869;0.000000;0.000000;0.0000
2021-08-18;09:00;292.36;90.22;876.00;0.27;177.81;0.226732;0.000000;0.000000;0.0000
2021-08-18;10:00;292.08;91.01;876.55;0.48;181.20;0.162755;0.000000;0.000000;0.0000
2021-08-18;11:00;291.74;91.77;877.08;0.62;193.95;0.135415;0.000000;0.000000;0.1810
2021-08-18;12:00;291.64;92.68;877.53;0.64;200.32;0.097021;0.000000;0.000000;73.2289
2021-08-18;13:00;292.99;87.42;878.14;0.44;191.96;0.069996;0.000000;0.000000;285.7614
2021-08-18;14:00;295.33;72.20;878.44;0.53;166.52;0.061938;0.000000;0.000000;522.0049
2021-08-18;15:00;298.42;53.40;878.25;0.71;158.93;0.037841;0.000000;0.000000;726.2475
2021-08-18;16:00;300.61;44.28;877.58;0.82;148.91;0.027881;0.000000;0.000000;874.9804
2021-08-18;17:00;302.11;39.48;876.63;0.93;138.73;0.026440;0.000000;0.000000;948.6992
2021-08-18;18:00;303.11;36.84;875.34;1.04;134.17;0.044070;0.000000;0.000000;952.4305
2021-08-18;19:00;303.63;35.58;874.09;1.15;132.46;0.052721;0.000000;0.000000;878.6668
2021-08-18;20:00;303.56;35.90;873.26;1.21;132.78;0.042890;0.000000;0.000000;717.1697
2021-08-18;21:00;303.00;37.44;872.96;1.22;134.74;0.052956;0.000000;0.000000;519.6797
2021-08-18;22:00;301.91;40.48;873.17;1.14;137.03;0.045843;0.000000;0.000000;282.9517
2021-08-18;23:00;300.30;46.15;873.73;0.86;136.14;0.029306;0.000000;0.000000;80.7340
2021-08-18;24:00;297.96;58.01;874.48;0.52;140.36;0.018433;0.000000;0.000000;0.2378
2021-08-19;01:00;296.19;69.17;875.01;0.67;149.42;0.035955;0.000000;0.000000;0.0000
2021-08-19;02:00;295.23;76.08;875.42;0.75;148.35;0.101656;0.000000;0.000000;0.0000
2021-08-19;03:00;294.60;77.05;876.07;0.58;164.56;0.284373;0.000000;0.000000;0.0000
2021-08-19;04:00;294.65;75.22;876.67;0.42;131.33;0.930552;0.000000;0.000000;0.0000
2021-08-19;05:00;294.37;78.49;876.88;0.43;74.29;2.127150;0.000000;0.000000;0.0000
2021-08-19;06:00;293.55;85.97;876.55;0.22;54.28;1.967906;0.000000;0.000000;0.0000
2021-08-19;07:00;293.06;86.63;876.08;0.10;211.00;0.983329;0.000000;0.000000;0.0000
2021-08-19;08:00;292.66;88.13;875.64;0.21;192.28;0.487156;0.000000;0.000000;0.0000
2021-08-19;09:00;292.36;89.06;875.76;0.08;157.14;0.506528;0.000000;0.000000;0.0000
2021-08-19;10:00;292.21;89.73;876.17;0.13;202.93;0.586900;0.000000;0.000000;0.0000
2021-08-19;11:00;292.13;89.69;876.53;0.22;226.23;0.508932;0.000000;0.000000;0.0536
2021-08-19;12:00;292.20;88.84;876.77;0.35;221.29;0.449629;0.000000;0.000000;28.2159
2021-08-19;13:00;292.80;85.93;877.08;0.39;206.79;0.420026;0.000000;0.000000;125.3565
2021-08-19;14:00;293.78;81.43;877.11;0.39;174.26;0.187717;0.000000;0.000000;271.2690
2021-08-19;15:00;295.76;68.63;876.67;0.55;151.02;0.030249;0.000000;0.000000;507.7453
2021-08-19;16:00;298.46;54.64;876.27;0.62;137.74;0.011839;0.000000;0.000000;823.4349
2021-08-19;17:00;300.23;47.52;875.89;0.62;123.81;0.102543;0.000000;0.000000;901.1791
2021-08-19;18:00;301.16;44.33;874.96;0.68;114.73;0.093033;0.000000;0.000000;885.6450
2021-08-19;19:00;301.44;43.42;873.83;0.69;115.20;0.080465;0.000000;0.000000;739.3989
2021-08-19;20:00;301.35;43.91;873.03;0.67;117.33;0.086684;0.000000;0.000000;594.6536
2021-08-19;21:00;300.62;46.60;872.62;0.65;106.05;0.078065;0.000000;0.000000;369.6944
2021-08-19;22:00;299.18;54.62;872.60;0.60;86.02;0.049085;0.000000;0.000000;173.9184
2021-08-19;23:00;297.27;70.28;872.83;0.53;72.81;0.071949;0.000000;0.000000;47.7582
2021-08-19;24:00;295.70;81.50;873.48;0.71;70.83;0.109471;0.000000;0.000000;0.1476
2021-08-20;01:00;294.81;84.90;874.37;0.88;56.85;0.235020;0.000000;0.000000;0.0000
2021-08-20;02:00;293.95;88.85;875.36;0.88;49.53;0.638763;0.000000;0.000000;0.0000
2021-08-20;03:00;293.32;91.51;876.26;0.60;48.44;1.364409;0.000000;0.000000;0.0000
2021-08-20;04:00;292.96;93.50;876.65;0.50;55.86;2.046869;0.000000;0.000000;0.0000
2021-08-20;05:00;292.69;94.41;876.45;0.42;69.61;2.538203;0.000000;0.000000;0.0000
2021-08-20;06:00;292.49;95.28;875.92;0.31;91.86;2.684571;0.000000;0.000000;0.0000
2021-08-20;07:00;292.38;95.68;875.27;0.29;110.59;2.573640;0.000000;0.000000;0.0000
2021-08-20;08:00;292.24;95.95;874.77;0.29;111.09;2.582935;0.000000;0.000000;0.0000
2021-08-20;09:00;292.10;96.20;874.52;0.27;103.29;2.539104;0.000000;0.000000;0.0000
2021-08-20;10:00;292.05;95.88;874.55;0.32;107.25;2.164966;0.000000;0.000000;0.0000
2021-08-20;11:00;292.06;94.74;874.72;0.23;88.29;1.478584;0.000000;0.000000;0.0547
2021-08-20;12:00;292.01;96.34;874.95;0.15;114.72;0.743853;0.000000;0.000000;28.7584
2021-08-20;13:00;292.54;95.15;875.27;0.30;161.61;0.367298;0.000000;0.000000;161.9909
2021-08-20;14:00;293.82;87.33;875.43;0.42;161.90;0.241426;0.000000;0.000000;422.8499
2021-08-20;15:00;296.58;65.87;875.50;0.50;141.83;0.213535;0.000000;0.000000;568.0158
2021-08-20;16:00;298.90;53.18;875.17;0.74;109.80;0.321854;0.000000;0.000000;685.5189
2021-08-20;17:00;299.94;48.50;874.45;0.95;94.37;0.358984;0.000000;0.000000;672.8056
2021-08-20;18:00;300.25;47.22;873.46;1.05;80.71;0.306905;0.000000;0.000000;576.5785
2021-08-20;19:00;300.27;47.28;872.61;1.14;69.48;0.310274;0.000000;0.000000;521.5422
2021-08-20;20:00;299.99;48.45;872.11;1.18;61.21;0.265603;0.000000;0.000000;405.6347
2021-08-20;21:00;299.44;50.76;871.89;1.20;55.39;0.232921;0.000000;0.000000;292.6172
2021-08-20;22:00;298.65;53.91;871.97;1.17;50.51;0.135594;0.000000;0.000000;169.6068
2021-08-20;23:00;297.53;58.65;872.34;1.00;48.87;0.048873;0.000000;0.000000;48.5559
2021-08-20;24:00;296.03;65.91;872.95;0.78;49.90;0.017112;0.000000;0.000000;0.1563
2021-08-21;01:00;294.93;71.23;873.66;0.75;46.08;0.012202;0.000000;0.000000;0.0000
2021-08-21;02:00;294.13;75.48;874.48;0.74;42.85;0.036074;0.000000;0.000000;0.0000
2021-08-21;03:00;293.52;79.32;875.21;0.91;42.77;0.065039;0.000000;0.000000;0.0000
2021-08-21;04:00;293.07;81.02;875.53;0.85;40.16;0.091754;0.000000;0.000000;0.0000
2021-08-21;05:00;292.69;81.78;875.35;0.72;35.49;0.088869;0.000000;0.000000;0.0000
2021-08-21;06:00;292.42;82.05;874.88;0.50;17.28;0.074143;0.000000;0.000000;0.0000
2021-08-21;07:00;292.07;83.48;874.28;0.38;339.33;0.064077;0.000000;0.000000;0.0000
2021-08-21;08:00;291.77;84.38;873.81;0.41;315.77;0.080294;0.000000;0.000000;0.0000
2021-08-21;09:00;291.58;84.93;873.71;0.40;316.40;0.190717;0.000000;0.000000;0.0000
2021-08-21;10:00;291.42;85.40;874.03;0.40;326.31;0.505071;0.000000;0.000000;0.0000
2021-08-21;11:00;291.34;85.73;874.52;0.31;331.37;0.771798;0.000000;0.000000;0.0900
2021-08-21;12:00;291.29;89.66;875.03;0.19;316.58;0.521012;0.000000;0.000000;31.7795
2021-08-21;13:00;291.79;90.66;875.56;0.19;292.77;0.090011;0.000000;0.000000;152.2080
2021-08-21;14:00;293.51;83.35;875.87;0.17;276.45;0.005508;0.000000;0.000000;449.1254
2021-08-21;15:00;296.03;69.24;875.69;0.15;236.63;0.021958;0.000000;0.000000;766.9651
2021-08-21;16:00;298.45;58.02;875.02;0.17;179.31;0.016430;0.000000;0.000000;895.9598
2021-08-21;17:00;300.32;48.67;874.02;0.34;136.34;0.013078;0.000000;0.000000;920.4634
2021-08-21;18:00;301.86;42.83;872.68;0.58;127.91;0.023924;0.000000;0.000000;984.8990
2021-08-21;19:00;302.61;40.61;871.50;0.77;128.38;0.050096;0.000000;0.000000;900.6337
2021-08-21;20:00;302.70;40.55;870.73;0.90;129.19;0.064715;0.000000;0.000000;734.1467
2021-08-21;21:00;302.13;42.57;870.41;0.90;129.43;0.086750;0.000000;0.000000;518.6591
2021-08-21;22:00;300.84;48.11;870.55;0.77;126.27;0.076553;0.000000;0.000000;276.2022
2021-08-21;23:00;298.78;63.57;871.16;0.48;117.89;0.098034;0.000000;0.000000;66.8933
2021-08-21;24:00;296.71;79.03;872.05;0.88;106.80;0.177343;0.000000;0.000000;0.1400
2021-08-22;01:00;295.69;84.48;872.97;1.00;97.16;0.257277;0.000000;0.000000;0.0000
2021-08-22;02:00;295.10;85.30;873.85;0.74;88.17;0.296909;0.000000;0.000000;0.0000
2021-08-22;03:00;294.79;85.12;874.67;0.64;63.20;0.429388;0.000000;0.000000;0.0000
2021-08-22;04:00;294.20;89.02;875.03;0.50;38.60;0.490920;0.000000;0.000000;0.0000
2021-08-22;05:00;293.55;93.22;874.80;0.55;26.05;0.673607;0.000000;0.000000;0.0000
2021-08-22;06:00;293.05;95.34;874.29;0.40;24.25;0.675726;0.000000;0.000000;0.0000
2021-08-22;07:00;292.70;95.56;873.62;0.47;17.21;0.556674;0.000000;0.000000;0.0000
2021-08-22;08:00;292.47;95.27;873.44;0.56;356.52;0.361394;0.000000;0.000000;0.0000
2021-08-22;09:00;292.25;94.68;873.74;0.74;316.25;0.314455;0.000000;0.000000;0.0000
2021-08-22;10:00;291.99;94.02;874.22;0.91;280.03;0.210499;0.000000;0.000000;0.0000
2021-08-22;11:00;291.70;93.63;874.51;1.06;250.02;0.151442;0.000000;0.000000;0.1510
2021-08-22;12:00;291.88;94.31;874.75;0.88;235.73;0.143666;0.000000;0.000000;78.6304
2021-08-22;13:00;293.12;94.47;875.27;0.54;230.52;0.207001;0.000000;0.000000;268.1382
2021-08-22;14:00;294.37;89.68;875.73;0.35;207.87;0.121163;0.000000;0.000000;455.6586
2021-08-22;15:00;296.45;73.13;875.87;0.36;187.36;0.107396;0.000000;0.000000;634.5433
2021-08-22;16:00;299.41;51.92;875.42;0.42;175.95;0.074690;0.000000;0.000000;790.5485
2021-08-22;17:00;300.96;45.79;874.51;0.63;172.30;0.056197;0.000000;0.000000;877.0157
2021-08-22;18:00;301.89;43.10;873.19;0.84;171.02;0.062793;0.000000;0.000000;899.6893
2021-08-22;19:00;302.34;42.05;871.88;1.01;170.98;0.056113;0.000000;0.000000;812.4247
2021-08-22;20:00;302.36;42.08;871.01;1.13;172.81;0.064261;0.000000;0.000000;678.6624
2021-08-22;21:00;301.77;44.40;870.60;1.12;175.68;0.058927;0.000000;0.000000;488.1783
2021-08-22;22:00;300.61;50.24;870.62;0.91;179.18;0.049197;0.000000;0.000000;266.2008
2021-08-22;23:00;298.77;62.75;871.08;0.48;172.42;0.046403;0.000000;0.000000;64.8943
2021-08-22;24:00;296.87;78.11;871.88;0.39;158.88;0.083035;0.000000;0.000000;0.1138
2021-08-23;01:00;296.15;80.32;872.77;0.31;166.05;0.149438;0.000000;0.000000;0.0000
2021-08-23;02:00;295.80;78.57;873.58;0.08;165.50;0.159452;0.000000;0.000000;0.0000
2021-08-23;03:00;295.46;79.90;874.15;0.16;29.78;0.133133;0.000000;0.000000;0.0000
2021-08-23;04:00;294.96;83.31;874.14;0.23;24.93;0.122907;0.000000;0.000000;0.0000
2021-08-23;05:00;294.42;85.14;873.74;0.26;29.20;0.158470;0.000000;0.000000;0.0000
2021-08-23;06:00;293.93;87.72;873.14;0.19;73.90;0.298164;0.000000;0.000000;0.0000
2021-08-23;07:00;293.43;89.15;872.51;0.29;114.90;0.622724;0.000000;0.000000;0.0000
2021-08-23;08:00;293.14;89.63;872.22;0.30;125.16;1.260947;0.000000;0.000000;0.0000
2021-08-23;09:00;292.99;91.12;872.45;0.14;83.31;1.837858;0.000000;0.000000;0.0000
2021-08-23;10:00;292.81;92.34;873.06;0.16;63.06;1.483488;0.000000;0.000000;0.0000
2021-08-23;11:00;292.70;92.81;873.51;0.23;140.82;0.770094;0.000000;0.000000;0.0468
2021-08-23;12:00;292.58;93.36;873.93;0.41;182.40;0.477154;0.000000;0.000000;22.8951
2021-08-23;13:00;292.80;96.34;874.54;0.31;207.24;0.419410;0.000000;0.000000;88.6352
2021-08-23;14:00;293.31;95.17;875.02;0.35;223.30;0.394626;0.000000;0.000000;186.5631
2021-08-23;15:00;294.06;91.79;875.02;0.30;216.46;0.292074;0.000000;0.000000;291.2085
2021-08-23;16:00;294.92;85.50;874.60;0.27;232.57;0.149276;0.000000;0.000000;352.7206
2021-08-23;17:00;296.22;75.42;873.76;0.16;271.66;0.069183;0.000000;0.000000;408.2209
2021-08-23;18:00;297.53;65.73;872.63;0.22;5.97;0.019375;0.000000;0.000000;460.3188
2021-08-23;19:00;298.43;60.06;871.60;0.56;33.73;0.016770;0.000000;0.000000;478.1488
2021-08-23;20:00;298.75;58.95;870.94;0.72;37.36;0.021926;0.000000;0.000000;438.3652
2021-08-23;21:00;298.56;60.27;870.59;0.70;39.53;0.040896;0.000000;0.000000;315.7252
2021-08-23;22:00;297.78;66.06;870.47;0.64;47.13;0.080459;0.000000;0.000000;167.9816
2021-08-23;23:00;296.39;76.96;870.75;0.56;46.51;0.119710;0.000000;0.000000;47.7584
2021-08-23;24:00;294.75;85.06;871.44;0.59;45.42;0.165479;0.000000;0.000000;0.1273
2021-08-24;01:00;293.74;90.02;872.24;0.67;40.08;0.199219;0.000000;0.000000;0.0000
2021-08-24;02:00;293.23;92.99;873.12;0.64;39.55;0.270446;0.000000;0.000000;0.0000
2021-08-24;03:00;292.90;94.63;873.78;0.45;55.00;0.361842;0.000000;0.000000;0.0000
2021-08-24;04:00;292.86;93.67;873.55;0.26;113.48;0.233741;0.000000;0.000000;0.0000
2021-08-24;05:00;292.59;93.90;872.92;0.64;238.99;0.184735;0.000000;0.000000;0.0000
2021-08-24;06:00;292.52;93.21;872.83;0.47;321.05;0.763242;0.000000;0.000000;0.0000
2021-08-24;07:00;292.04;95.64;872.32;0.71;27.39;1.588811;0.000000;0.000000;0.0000
2021-08-24;08:00;291.90;96.22;871.95;0.53;43.95;2.455397;0.000000;0.000000;0.0000
2021-08-24;09:00;291.82;96.33;871.95;0.47;29.27;4.776235;0.000000;0.000000;0.0000
2021-08-24;10:00;291.73;96.43;872.46;0.53;9.04;7.595906;0.000000;0.000000;0.0000
2021-08-24;11:00;291.65;95.29;872.99;0.58;351.73;7.496640;0.000000;0.000000;0.0441
2021-08-24;12:00;291.79;94.07;873.39;0.11;300.62;4.783367;0.000000;0.000000;19.8853
2021-08-24;13:00;292.09;95.02;873.73;0.65;198.54;2.081050;0.000000;0.000000;89.4629
2021-08-24;14:00;292.75;94.09;873.89;0.85;213.64;0.649234;0.000000;0.000000;191.5978
2021-08-24;15:00;293.94;90.28;873.68;0.84;217.43;0.141421;0.000000;0.000000;323.0367
2021-08-24;16:00;295.83;78.74;873.19;0.80;217.90;0.045659;0.000000;0.000000;497.8993
2021-08-24;17:00;298.59;59.03;872.65;0.81;226.20;0.005588;0.000000;0.000000;618.5304
2021-08-24;18:00;299.94;50.62;871.87;0.87;240.79;0.031608;0.000000;0.000000;621.2641
2021-08-24;19:00;300.25;48.56;871.04;0.92;248.02;0.017682;0.000000;0.000000;520.7623
2021-08-24;20:00;300.00;49.62;870.43;0.85;249.70;0.005752;0.000000;0.000000;364.3748
2021-08-24;21:00;299.50;53.74;870.03;0.72;247.61;0.002766;0.000000;0.000000;227.6819
2021-08-24;22:00;299.00;57.89;869.80;0.59;240.16;0.000603;0.000000;0.000000;118.9632
2021-08-24;23:00;298.18;65.17;870.12;0.31;252.55;0.000323;0.000000;0.000000;33.0920
2021-08-24;24:00;296.97;71.51;870.96;0.51;321.43;0.012019;0.000000;0.000000;0.0739
2021-08-25;01:00;296.09;69.92;871.90;0.97;324.96;0.073622;0.000000;0.000000;0.0000
2021-08-25;02:00;295.55;73.86;872.73;0.99;316.28;0.094431;0.000000;0.000000;0.0000
2021-08-25;03:00;295.26;74.28;873.27;0.86;319.93;0.059758;0.000000;0.000000;0.0000
2021-08-25;04:00;294.97;74.27;873.53;0.75;341.56;0.061245;0.000000;0.000000;0.0000
2021-08-25;05:00;294.39;77.46;873.47;0.75;356.40;0.137908;0.000000;0.000000;0.0000
2021-08-25;06:00;293.74;81.44;873.24;0.74;356.35;0.298701;0.000000;0.000000;0.0000
2021-08-25;07:00;293.17;85.73;872.95;0.65;345.48;0.506597;0.000000;0.000000;0.0000
2021-08-25;08:00;292.71;87.74;872.81;0.55;319.27;0.714468;0.000000;0.000000;0.0000
2021-08-25;09:00;292.21;89.06;872.93;0.57;294.94;0.752698;0.000000;0.000000;0.0000
2021-08-25;10:00;291.86;91.10;873.25;0.60;286.61;0.693500;0.000000;0.000000;0.0000
2021-08-25;11:00;291.62;92.44;873.63;0.60;286.76;0.643967;0.000000;0.000000;0.0722
2021-08-25;12:00;291.70;92.66;874.21;0.43;292.67;0.571242;0.000000;0.000000;39.9148
2021-08-25;13:00;292.36;90.42;874.88;0.34;305.49;0.578935;0.000000;0.000000;150.5231
2021-08-25;14:00;293.71;83.78;875.36;0.20;340.32;0.488801;0.000000;0.000000;279.1584
2021-08-25;15:00;295.63;72.33;875.31;0.15;26.37;0.477422;0.000000;0.000000;409.5483
2021-08-25;16:00;297.80;61.33;874.79;0.36;73.61;0.537234;0.000000;0.000000;561.5650
2021-08-25;17:00;299.40;55.21;873.96;0.63;78.93;0.352633;0.000000;0.000000;670.2886
2021-08-25;18:00;300.55;51.25;872.82;0.74;81.72;0.305340;0.000000;0.000000;736.9922
2021-08-25;19:00;301.34;48.58;871.62;0.72;83.60;0.269025;0.000000;0.000000;726.7173
2021-08-25;20:00;301.34;49.09;870.80;0.66;82.55;0.207923;0.000000;0.000000;529.9671
2021-08-25;21:00;300.94;51.09;870.50;0.62;79.70;0.217520;0.000000;0.000000;369.7087
2021-08-25;22:00;300.13;56.63;870.58;0.55;70.92;0.227893;0.000000;0.000000;203.4041
2021-08-25;23:00;299.02;63.98;871.13;0.61;65.41;0.194701;0.000000;0.000000;58.0481
2021-08-25;24:00;297.32;73.37;871.88;0.68;56.47;0.193012;0.000000;0.000000;0.1177
2021-08-26;01:00;296.13;76.56;872.71;0.84;41.47;0.281215;0.000000;0.000000;0.0000
2021-08-26;02:00;295.41;79.65;873.66;1.06;33.12;0.346134;0.000000;0.000000;0.0000
2021-08-26;03:00;294.72;82.55;874.47;0.92;25.61;0.515173;0.000000;0.000000;0.0000
2021-08-26;04:00;294.06;85.05;874.98;0.84;29.56;0.978505;0.000000;0.000000;0.0000
2021-08-26;05:00;293.36;89.21;875.11;0.96;30.83;1.863066;0.000000;0.000000;0.0000
2021-08-26;06:00;292.87;91.08;874.82;0.93;28.57;2.570042;0.000000;0.000000;0.0000
2021-08-26;07:00;292.47;91.80;874.46;0.89;22.25;2.655836;0.000000;0.000000;0.0000
2021-08-26;08:00;292.10;92.59;874.38;0.75;17.57;2.074088;0.000000;0.000000;0.0000
2021-08-26;09:00;291.74;93.13;874.64;0.58;9.39;1.202290;0.000000;0.000000;0.0000
2021-08-26;10:00;291.35;93.40;875.12;0.43;340.60;0.445666;0.000000;0.000000;0.0000
2021-08-26;11:00;290.93;93.84;875.50;0.41;297.32;0.072133;0.000000;0.000000;0.1028
2021-08-26;12:00;290.83;93.19;875.92;0.49;278.92;0.026216;0.000000;0.000000;61.8624
2021-08-26;13:00;291.45;89.96;876.50;0.48;294.61;0.026955;0.000000;0.000000;168.7870
2021-08-26;14:00;292.74;83.63;877.01;0.48;322.16;0.035877;0.000000;0.000000;328.0591
2021-08-26;15:00;294.85;71.43;876.91;0.53;325.18;0.029886;0.000000;0.000000;546.8058
2021-08-26;16:00;297.74;57.90;876.23;0.48;320.72;0.006910;0.000000;0.000000;832.7552
2021-08-26;17:00;300.32;48.38;875.17;0.34;322.37;0.002983;0.000000;0.000000;982.7351
2021-08-26;18:00;302.11;42.31;873.77;0.21;336.24;0.006876;0.000000;0.000000;1007.7190
2021-08-26;19:00;303.01;39.31;872.31;0.17;32.17;0.005872;0.000000;0.000000;932.7129
2021-08-26;20:00;303.23;38.53;871.25;0.30;47.86;0.012800;0.000000;0.000000;766.6954
2021-08-26;21:00;302.71;41.05;870.96;0.42;33.68;0.027102;0.000000;0.000000;504.5870
2021-08-26;22:00;301.70;45.76;871.22;0.61;19.90;0.041747;0.000000;0.000000;252.3431
2021-08-26;23:00;299.98;55.42;871.93;0.74;15.03;0.043824;0.000000;0.000000;49.1139
2021-08-26;24:00;297.88;70.18;872.82;0.93;11.79;0.121020;0.000000;0.000000;0.0523
2021-08-27;01:00;296.84;77.36;873.71;1.10;9.36;0.160949;0.000000;0.000000;0.0000
2021-08-27;02:00;296.10;80.97;874.45;1.08;13.19;0.189777;0.000000;0.000000;0.0000
2021-08-27;03:00;295.29;83.57;874.94;0.94;23.93;0.166884;0.000000;0.000000;0.0000
2021-08-27;04:00;294.47;85.76;874.96;0.89;27.62;0.195804;0.000000;0.000000;0.0000
2021-08-27;05:00;293.81;88.93;874.65;0.96;31.93;0.358637;0.000000;0.000000;0.0000
2021-08-27;06:00;293.16;91.98;874.29;0.95;32.40;1.048557;0.000000;0.000000;0.0000
2021-08-27;07:00;292.75;93.84;873.92;0.71;35.17;2.185285;0.000000;0.000000;0.0000
2021-08-27;08:00;292.50;94.86;873.82;0.59;26.05;1.994022;0.000000;0.000000;0.0000
2021-08-27;09:00;292.27;95.76;873.98;0.47;23.16;1.875672;0.000000;0.000000;0.0000
2021-08-27;10:00;292.15;95.60;874.56;0.64;22.35;2.526736;0.000000;0.000000;0.0000
2021-08-27;11:00;291.96;95.52;875.12;0.67;25.30;2.812223;0.000000;0.000000;0.0518
2021-08-27;12:00;291.84;95.81;875.65;0.58;22.21;2.011756;0.000000;0.000000;34.0453
2021-08-27;13:00;292.36;94.07;876.18;0.52;18.01;0.941581;0.000000;0.000000;133.6726
2021-08-27;14:00;293.14;88.66;876.62;0.46;6.36;0.287885;0.000000;0.000000;301.4346
2021-08-27;15:00;295.45;72.21;876.47;0.42;16.26;0.180484;0.000000;0.000000;541.5280
2021-08-27;16:00;298.39;55.87;875.87;0.70;50.06;0.151212;0.000000;0.000000;744.2296
2021-08-27;17:00;299.89;49.72;874.97;1.05;59.73;0.131540;0.000000;0.000000;803.4450
2021-08-27;18:00;300.40;48.05;873.95;1.29;59.29;0.158896;0.000000;0.000000;756.1904
2021-08-27;19:00;300.26;48.83;873.18;1.40;54.75;0.129855;0.000000;0.000000;613.7324
2021-08-27;20:00;299.85;50.44;872.62;1.38;49.91;0.103409;0.000000;0.000000;475.7308
2021-08-27;21:00;299.31;52.39;872.43;1.35;46.51;0.106303;0.000000;0.000000;351.3434
2021-08-27;22:00;298.54;55.45;872.38;1.27;47.39;0.076606;0.000000;0.000000;236.6424
2021-08-27;23:00;297.22;60.99;872.83;1.17;53.22;0.211272;0.000000;0.000000;67.6378
2021-08-27;24:00;295.65;68.57;873.93;1.17;58.41;0.942322;0.000000;0.000000;0.0992
2021-08-28;01:00;294.40;75.73;875.19;1.28;61.83;3.459697;0.000000;0.000000;0.0000
2021-08-28;02:00;293.39;82.22;876.17;1.03;64.43;3.963384;0.000000;0.000000;0.0000
2021-08-28;03:00;292.90;85.49;876.96;0.70;70.88;2.604693;0.000000;0.000000;0.0000
2021-08-28;04:00;292.62;87.09;877.32;0.36;79.10;1.531365;0.000000;0.000000;0.0000
2021-08-28;05:00;292.36;88.05;877.21;0.15;257.25;0.607544;0.000000;0.000000;0.0000
2021-08-28;06:00;292.11;87.48;876.51;0.69;270.87;0.091732;0.000000;0.000000;0.0000
2021-08-28;07:00;291.80;87.83;875.57;0.83;270.23;0.008492;0.000000;0.000000;0.0000
2021-08-28;08:00;291.52;88.41;875.08;0.73;261.46;0.004536;0.000000;0.000000;0.0000
2021-08-28;09:00;291.26;89.11;875.08;0.67;254.76;0.005594;0.000000;0.000000;0.0000
2021-08-28;10:00;290.93;90.10;875.52;0.72;255.37;0.007413;0.000000;0.000000;0.0000
2021-08-28;11:00;290.62;90.85;876.02;0.74;258.69;0.009591;0.000000;0.000000;0.1483
2021-08-28;12:00;290.94;88.11;876.48;0.78;258.65;0.006418;0.000000;0.000000;86.8501
2021-08-28;13:00;293.29;74.38;876.86;0.50;256.44;0.000000;0.000000;0.000000;348.6244
2021-08-28;14:00;296.94;53.89;877.00;0.11;84.54;0.000001;0.000000;0.000000;598.2493
2021-08-28;15:00;299.56;43.73;876.64;0.53;89.11;0.000001;0.000000;0.000000;808.9943
2021-08-28;16:00;301.12;39.82;876.06;0.78;94.38;0.000016;0.000000;0.000000;952.7372
2021-08-28;17:00;302.36;37.15;875.20;0.92;94.80;0.000129;0.000000;0.000000;1028.9540
2021-08-28;18:00;303.31;35.28;874.01;0.92;97.95;0.001282;0.000000;0.000000;1024.9340
2021-08-28;19:00;303.80;34.39;872.83;0.88;104.99;0.002672;0.000000;0.000000;923.1564
2021-08-28;20:00;303.75;34.71;872.05;0.88;112.78;0.011077;0.000000;0.000000;741.9149
2021-08-28;21:00;303.08;36.61;871.90;0.85;120.52;0.018811;0.000000;0.000000;491.3182
2021-08-28;22:00;301.84;42.54;872.24;0.71;122.72;0.019160;0.000000;0.000000;225.2216
2021-08-28;23:00;300.39;51.90;872.83;0.53;124.35;0.013989;0.000000;0.000000;50.3989
2021-08-28;24:00;298.78;65.07;873.53;0.65;109.85;0.023779;0.000000;0.000000;0.0602
2021-08-29;01:00;298.15;64.55;874.24;0.73;86.95;0.050915;0.000000;0.000000;0.0000
2021-08-29;02:00;297.45;67.33;874.95;0.71;71.57;0.093086;0.000000;0.000000;0.0000
2021-08-29;03:00;296.61;72.59;875.68;0.55;70.68;0.173566;0.000000;0.000000;0.0000
2021-08-29;04:00;295.86;76.33;876.11;0.20;85.96;0.358928;0.000000;0.000000;0.0000
2021-08-29;05:00;295.24;78.19;876.17;0.10;216.47;0.578008;0.000000;0.000000;0.0000
2021-08-29;06:00;294.87;76.36;875.87;0.24;229.15;0.787533;0.000000;0.000000;0.0000
2021-08-29;07:00;294.58;77.30;875.55;0.11;230.60;0.837275;0.000000;0.000000;0.0000
2021-08-29;08:00;294.05;78.32;875.39;0.24;229.08;0.713104;0.000000;0.000000;0.0000
2021-08-29;09:00;293.57;82.29;875.49;0.44;224.66;0.612742;0.000000;0.000000;0.0000
2021-08-29;10:00;293.31;83.52;875.72;0.42;220.18;0.418759;0.000000;0.000000;0.0000
2021-08-29;11:00;293.20;85.23;875.92;0.30;210.05;0.264558;0.000000;0.000000;0.0922
2021-08-29;12:00;293.40;87.13;876.27;0.14;253.13;0.145149;0.000000;0.000000;62.7108
2021-08-29;13:00;295.09;74.23;876.74;0.06;62.60;0.052598;0.000000;0.000000;238.9558
2021-08-29;14:00;297.26;61.66;876.95;0.27;136.45;0.064451;0.000000;0.000000;508.9889
2021-08-29;15:00;299.20;52.42;876.72;0.60;142.11;0.063875;0.000000;0.000000;699.9735
2021-08-29;16:00;300.64;46.94;876.17;0.86;143.12;0.062994;0.000000;0.000000;833.9679
2021-08-29;17:00;301.65;43.61;875.41;1.02;148.12;0.061992;0.000000;0.000000;868.1940
2021-08-29;18:00;302.28;41.64;874.30;1.18;154.84;0.069305;0.000000;0.000000;863.3938
2021-08-29;19:00;302.37;41.39;873.23;1.32;162.36;0.054335;0.000000;0.000000;780.8841
2021-08-29;20:00;302.16;41.74;872.56;1.42;169.86;0.051074;0.000000;0.000000;660.1354
2021-08-29;21:00;301.50;43.64;872.43;1.41;175.82;0.048343;0.000000;0.000000;478.5026
2021-08-29;22:00;300.29;48.48;872.73;1.23;179.32;0.080778;0.000000;0.000000;276.6685
2021-08-29;23:00;298.41;59.56;873.29;0.78;175.95;0.144326;0.000000;0.000000;76.8506
2021-08-29;24:00;296.11;73.28;873.97;0.71;161.68;0.225589;0.000000;0.000000;0.1181
2021-08-30;01:00;294.83;80.50;874.48;0.81;155.14;0.271719;0.000000;0.000000;0.0000
2021-08-30;02:00;294.42;80.32;875.20;0.62;158.84;0.287374;0.000000;0.000000;0.0000
2021-08-30;03:00;294.09;80.68;875.99;0.38;185.91;0.386455;0.000000;0.000000;0.0000
2021-08-30;04:00;293.43;82.08;876.39;0.63;205.31;0.416160;0.000000;0.000000;0.0000
2021-08-30;05:00;292.62;86.68;876.27;0.95;205.33;0.423379;0.000000;0.000000;0.0000
2021-08-30;06:00;291.96;90.81;875.85;1.04;203.51;0.575469;0.000000;0.000000;0.0000
2021-08-30;07:00;291.38;92.32;875.41;0.97;202.49;0.567111;0.000000;0.000000;0.0000
2021-08-30;08:00;291.02;93.34;874.97;0.89;200.56;0.364616;0.000000;0.000000;0.0000
2021-08-30;09:00;290.77;94.09;874.89;0.78;199.32;0.639260;0.000000;0.000000;0.0000
2021-08-30;10:00;290.60;94.68;875.43;0.68;201.78;1.720624;0.000000;0.000000;0.0000
2021-08-30;11:00;290.40;94.15;876.21;0.79;205.33;2.008514;0.000000;0.000000;0.0551
2021-08-30;12:00;290.27;94.26;876.88;0.99;206.21;1.329412;0.000000;0.000000;29.9461
2021-08-30;13:00;290.58;93.12;877.28;1.07;211.70;0.474007;0.000000;0.000000;94.8182
2021-08-30;14:00;291.53;88.74;877.38;1.17;216.12;0.056392;0.000000;0.000000;197.2759
2021-08-30;15:00;294.03;72.60;876.99;1.37;210.29;0.000736;0.000000;0.000000;462.8527
2021-08-30;16:00;298.14;50.54;876.36;1.47;196.33;0.000267;0.000000;0.000000;863.9899
2021-08-30;17:00;300.66;41.33;875.30;1.53;180.61;0.000298;0.000000;0.000000;997.7034
2021-08-30;18:00;301.88;37.94;874.06;1.64;172.43;0.000531;0.000000;0.000000;1010.9480
2021-08-30;19:00;302.43;36.72;872.82;1.64;172.24;0.002657;0.000000;0.000000;921.9184
2021-08-30;20:00;302.50;36.86;871.97;1.60;176.58;0.011191;0.000000;0.000000;771.8930
2021-08-30;21:00;301.96;38.45;871.62;1.58;179.67;0.017692;0.000000;0.000000;543.3817
2021-08-30;22:00;300.88;42.32;871.85;1.45;179.42;0.021748;0.000000;0.000000;308.7975
2021-08-30;23:00;299.25;49.48;872.53;1.16;177.68;0.017342;0.000000;0.000000;87.5697
2021-08-30;24:00;297.04;59.26;873.40;1.01;175.59;0.020055;0.000000;0.000000;0.1098
